timestamp,source,category,price_type,item,buy,sell,currency,unit,status,last_checked,source_updated_at
2026-10-08T07:58:43+07:00,Vietcombank,fx,cash,AUD,17611.57,18359.52,VND,1 AUD,ok,2026-10-08T07:58:43+07:00,2026-10-08T07:54:46+07:00
2026-10-08T07:58:43+07:00,Vietcombank,fx,cash,CAD,17755.13,18509.18,VND,1 CAD,ok,2026-10-08T07:58:43+07:00,2026-10-08T07:54:46+07:00
2026-10-08T07:58:43+07:00,Vietcombank,fx,cash,CHF,30407.82,31699.22,VND,1 CHF,ok,2026-10-08T07:58:43+07:00,2026-10-08T07:54:46+07:00
2026-10-07T13:30:09+07:00,Vietcombank,fx,cash,CNY,3776.66,3937.05,VND,1 CNY,ok,2026-10-08T07:58:43+07:00,2026-10-08T07:54:46+07:00
2026-10-08T07:58:43+07:00,Vietcombank,fx,cash,DKK,,3967.12,VND,1 DKK,partial,2026-10-08T07:58:43+07:00,2026-10-08T07:54:46+07:00
2026-10-08T07:58:43+07:00,Vietcombank,fx,cash,EUR,28350.15,29845.34,VND,1 EUR,ok,2026-10-08T07:58:43+07:00,2026-10-08T07:54:46+07:00
2026-10-08T07:58:43+07:00,Vietcombank,fx,cash,GBP,33438.44,34858.55,VND,1 GBP,ok,2026-10-08T07:58:43+07:00,2026-10-08T07:54:46+07:00
2026-10-08T07:58:43+07:00,Vietcombank,fx,cash,HKD,3217.24,3374.06,VND,1 HKD,ok,2026-10-08T07:58:43+07:00,2026-10-08T07:54:46+07:00
2026-10-08T07:58:43+07:00,Vietcombank,fx,cash,INR,,278.45,VND,1 INR,partial,2026-10-08T07:58:43+07:00,2026-10-08T07:54:46+07:00
2026-10-08T07:58:43+07:00,Vietcombank,fx,cash,JPY,158.5,169.41,VND,1 JPY,ok,2026-10-08T07:58:43+07:00,2026-10-08T07:54:46+07:00
2026-10-08T07:58:43+07:00,Vietcombank,fx,cash,KRW,16.79,20.24,VND,1 KRW,ok,2026-10-08T07:58:43+07:00,2026-10-08T07:54:46+07:00
2026-10-07T13:30:09+07:00,Vietcombank,fx,cash,KWD,,87904.36,VND,1 KWD,partial,2026-10-08T07:58:43+07:00,2026-10-08T07:54:46+07:00
2026-10-08T07:58:43+07:00,Vietcombank,fx,cash,MYR,,6430.61,VND,1 MYR,partial,2026-10-08T07:58:43+07:00,2026-10-08T07:54:46+07:00
2026-10-08T07:58:43+07:00,Vietcombank,fx,cash,NOK,,2771.08,VND,1 NOK,partial,2026-10-08T07:58:43+07:00,2026-10-08T07:54:46+07:00
2026-10-08T07:58:43+07:00,Vietcombank,fx,cash,RUB,,320.2,VND,1 RUB,partial,2026-10-08T07:58:43+07:00,2026-10-08T07:54:46+07:00
2026-10-08T07:58:43+07:00,Vietcombank,fx,cash,SAR,,7176.95,VND,1 SAR,partial,2026-10-08T07:58:43+07:00,2026-10-08T07:54:46+07:00
2026-10-08T07:58:43+07:00,Vietcombank,fx,cash,SEK,,2653.49,VND,1 SEK,partial,2026-10-08T07:58:43+07:00,2026-10-08T07:54:46+07:00
2026-10-08T07:58:43+07:00,Vietcombank,fx,cash,SGD,19774.6,20655.69,VND,1 SGD,ok,2026-10-08T07:58:43+07:00,2026-10-08T07:54:46+07:00
2026-10-08T07:58:43+07:00,Vietcombank,fx,cash,THB,681.11,788.9,VND,1 THB,ok,2026-10-08T07:58:43+07:00,2026-10-08T07:54:46+07:00
2026-10-07T13:30:09+07:00,Vietcombank,fx,cash,USD,25760,26170,VND,1 USD,ok,2026-10-08T07:58:43+07:00,2026-10-08T07:54:46+07:00
2026-10-08T07:58:43+07:00,Vietcombank,fx,transfer,AUD,17789.47,18359.52,VND,1 AUD,ok,2026-10-08T07:58:43+07:00,2026-10-08T07:54:46+07:00
2026-10-08T07:58:43+07:00,Vietcombank,fx,transfer,CAD,17934.47,18509.18,VND,1 CAD,ok,2026-10-08T07:58:43+07:00,2026-10-08T07:54:46+07:00
2026-10-08T07:58:43+07:00,Vietcombank,fx,transfer,CHF,30714.97,31699.22,VND,1 CHF,ok,2026-10-08T07:58:43+07:00,2026-10-08T07:54:46+07:00
2026-10-07T13:30:09+07:00,Vietcombank,fx,transfer,CNY,3814.8,3937.05,VND,1 CNY,ok,2026-10-08T07:58:43+07:00,2026-10-08T07:54:46+07:00
2026-10-08T07:58:43+07:00,Vietcombank,fx,transfer,DKK,3820.94,3967.12,VND,1 DKK,ok,2026-10-08T07:58:43+07:00,2026-10-08T07:54:46+07:00
2026-10-08T07:58:43+07:00,Vietcombank,fx,transfer,EUR,28636.51,29845.34,VND,1 EUR,ok,2026-10-08T07:58:43+07:00,2026-10-08T07:54:46+07:00
2026-10-08T07:58:43+07:00,Vietcombank,fx,transfer,GBP,33776.21,34858.55,VND,1 GBP,ok,2026-10-08T07:58:43+07:00,2026-10-08T07:54:46+07:00
2026-10-08T07:58:43+07:00,Vietcombank,fx,transfer,HKD,3249.73,3374.06,VND,1 HKD,ok,2026-10-08T07:58:43+07:00,2026-10-08T07:54:46+07:00
2026-10-08T07:58:43+07:00,Vietcombank,fx,transfer,INR,266.96,278.45,VND,1 INR,ok,2026-10-08T07:58:43+07:00,2026-10-08T07:54:46+07:00
2026-10-08T07:58:43+07:00,Vietcombank,fx,transfer,JPY,160.1,169.41,VND,1 JPY,ok,2026-10-08T07:58:43+07:00,2026-10-08T07:54:46+07:00
2026-10-08T07:58:43+07:00,Vietcombank,fx,transfer,KRW,18.65,20.24,VND,1 KRW,ok,2026-10-08T07:58:43+07:00,2026-10-08T07:54:46+07:00
2026-10-07T13:30:09+07:00,Vietcombank,fx,transfer,KWD,83839.16,87904.36,VND,1 KWD,ok,2026-10-08T07:58:43+07:00,2026-10-08T07:54:46+07:00
2026-10-08T07:58:43+07:00,Vietcombank,fx,transfer,MYR,6293.58,6430.61,VND,1 MYR,ok,2026-10-08T07:58:43+07:00,2026-10-08T07:54:46+07:00
2026-10-08T07:58:43+07:00,Vietcombank,fx,transfer,NOK,2658.32,2771.08,VND,1 NOK,ok,2026-10-08T07:58:43+07:00,2026-10-08T07:54:46+07:00
2026-10-08T07:58:43+07:00,Vietcombank,fx,transfer,RUB,289.26,320.2,VND,1 RUB,ok,2026-10-08T07:58:43+07:00,2026-10-08T07:54:46+07:00
2026-10-08T07:58:43+07:00,Vietcombank,fx,transfer,SAR,6880.7,7176.95,VND,1 SAR,ok,2026-10-08T07:58:43+07:00,2026-10-08T07:54:46+07:00
2026-10-08T07:58:43+07:00,Vietcombank,fx,transfer,SEK,2545.51,2653.49,VND,1 SEK,ok,2026-10-08T07:58:43+07:00,2026-10-08T07:54:46+07:00
2026-10-08T07:58:43+07:00,Vietcombank,fx,transfer,SGD,19974.34,20655.69,VND,1 SGD,ok,2026-10-08T07:58:43+07:00,2026-10-08T07:54:46+07:00
2026-10-08T07:58:43+07:00,Vietcombank,fx,transfer,THB,756.79,788.9,VND,1 THB,ok,2026-10-08T07:58:43+07:00,2026-10-08T07:54:46+07:00
2026-10-07T13:30:09+07:00,Vietcombank,fx,transfer,USD,25790,26170,VND,1 USD,ok,2026-10-08T07:58:43+07:00,2026-10-08T07:54:46+07:00
2026-10-07T13:30:09+07:00,giavang.org,gold,retail,BTMC VRTL Nhẫn tròn trơn 999.9 (24k),139200000,143200000,VND,luong,ok,2026-10-08T07:58:43+07:00,2026-10-08T07:55:03+07:00
2026-10-07T13:30:09+07:00,giavang.org,gold,retail,BTMC VRTL Vàng miếng 999.9 (24k),139200000,143200000,VND,luong,ok,2026-10-08T07:58:43+07:00,2026-10-08T07:55:03+07:00
2026-10-07T20:57:26+07:00,giavang.org,gold,retail,BTMC Vàng SJC Vàng miếng 999.9 (24k),139200000,143000000,VND,luong,ok,2026-10-08T07:58:43+07:00,2026-10-08T07:55:03+07:00
2026-10-06T15:09:25+07:00,giavang.org,gold,retail,BTMC Vàng Thị Trường Vàng 999.9 (24k),132500000,,VND,luong,partial,2026-10-08T07:58:43+07:00,2026-10-08T07:55:03+07:00
2026-10-07T13:30:09+07:00,giavang.org,gold,retail,BTMH Nhẫn tròn 999.9 BTMH,138700000,,VND,luong,partial,2026-10-08T07:58:43+07:00,2026-10-08T07:55:04+07:00
2026-10-07T13:30:09+07:00,giavang.org,gold,retail,BTMH Nhẫn ép vỉ Vàng Rồng Thăng Long,139200000,,VND,luong,partial,2026-10-08T07:58:43+07:00,2026-10-08T07:55:04+07:00
2026-10-07T13:30:09+07:00,giavang.org,gold,retail,BTMH Vàng Kim Gia Bảo 24K (999.9),139200000,143200000,VND,luong,ok,2026-10-08T07:58:43+07:00,2026-10-08T07:55:04+07:00
2026-10-07T13:30:09+07:00,giavang.org,gold,retail,BTMH Vàng miếng SJC (Cty CP BTMH),140000000,143000000,VND,luong,ok,2026-10-08T07:58:43+07:00,2026-10-08T07:55:04+07:00
2026-10-07T13:30:09+07:00,giavang.org,gold,retail,BTMH Vàng nguyên liệu 99.9,132200000,,VND,luong,partial,2026-10-08T07:58:43+07:00,2026-10-08T07:55:04+07:00
2026-10-07T13:30:09+07:00,giavang.org,gold,retail,"BTMH Vàng nguyên liệu 999,9",132700000,,VND,luong,partial,2026-10-08T07:58:43+07:00,2026-10-08T07:55:04+07:00
2026-10-07T20:57:26+07:00,giavang.org,gold,retail,DOJI Hà Nội Nguyên liệu 99.9,133500000,135500000,VND,luong,ok,2026-10-08T07:58:43+07:00,2026-10-08T07:00:20+07:00
2026-10-07T20:57:26+07:00,giavang.org,gold,retail,DOJI Hà Nội Nguyên liệu 99.99,134000000,136000000,VND,luong,ok,2026-10-08T07:58:43+07:00,2026-10-08T07:00:20+07:00
2026-10-07T20:57:26+07:00,giavang.org,gold,retail,DOJI Hà Nội Nhẫn tròn 999 Hưng Thịnh Vượng,139000000,143000000,VND,luong,ok,2026-10-08T07:58:43+07:00,2026-10-08T07:00:20+07:00
2026-10-07T20:57:26+07:00,giavang.org,gold,retail,DOJI Hà Nội SJC Lẻ,140000000,143000000,VND,luong,ok,2026-10-08T07:58:43+07:00,2026-10-08T07:00:20+07:00
2026-10-07T13:30:09+07:00,giavang.org,gold,retail,PNJ Giá vàng nguyên liệu mua ngoài,131750000,,VND,luong,partial,2026-10-08T07:58:43+07:00,2026-10-08T07:55:03+07:00
2026-10-07T13:30:09+07:00,giavang.org,gold,retail,PNJ Giá vàng nữ trang Nhẫn Trơn PNJ 999.9,139500000,142500000,VND,luong,ok,2026-10-08T07:58:43+07:00,2026-10-08T07:55:03+07:00
2026-10-07T13:30:09+07:00,giavang.org,gold,retail,PNJ Giá vàng nữ trang Vàng Kim Bảo 999.9,139500000,142500000,VND,luong,ok,2026-10-08T07:58:43+07:00,2026-10-08T07:55:03+07:00
2026-10-07T13:30:09+07:00,giavang.org,gold,retail,PNJ Giá vàng nữ trang Vàng Phúc Lộc Tài 999.9,139500000,142500000,VND,luong,ok,2026-10-08T07:58:43+07:00,2026-10-08T07:55:03+07:00
2026-10-07T13:30:09+07:00,giavang.org,gold,retail,PNJ Hà Nội SJC,140000000,143000000,VND,luong,ok,2026-10-08T07:58:43+07:00,2026-10-08T07:55:03+07:00
2026-10-07T13:30:09+07:00,giavang.org,gold,retail,PNJ Miền Tây SJC,140000000,143000000,VND,luong,ok,2026-10-08T07:58:43+07:00,2026-10-08T07:55:03+07:00
2026-10-07T13:30:09+07:00,giavang.org,gold,retail,PNJ TPHCM SJC,140000000,143000000,VND,luong,ok,2026-10-08T07:58:43+07:00,2026-10-08T07:55:03+07:00
2026-10-07T13:30:09+07:00,giavang.org,gold,retail,PNJ Tây Nguyên SJC,140000000,143000000,VND,luong,ok,2026-10-08T07:58:43+07:00,2026-10-08T07:55:03+07:00
2026-10-07T13:30:09+07:00,giavang.org,gold,retail,PNJ Đà Nẵng SJC,140000000,143000000,VND,luong,ok,2026-10-08T07:58:43+07:00,2026-10-08T07:55:03+07:00
2026-10-07T13:30:09+07:00,giavang.org,gold,retail,PNJ Đông Nam Bộ SJC,140000000,143000000,VND,luong,ok,2026-10-08T07:58:43+07:00,2026-10-08T07:55:03+07:00
2026-10-07T13:30:09+07:00,giavang.org,gold,retail,Phú Quý Hà Nội Nhẫn tròn Phú Quý (24K 999.9),139500000,142500000,VND,luong,ok,2026-10-08T07:58:43+07:00,2026-10-08T07:55:03+07:00
2026-10-07T13:30:09+07:00,giavang.org,gold,retail,Phú Quý Hà Nội Phú Quý 1 Lượng 99.9,139400000,142400000,VND,luong,ok,2026-10-08T07:58:43+07:00,2026-10-08T07:55:03+07:00
2026-10-07T13:30:09+07:00,giavang.org,gold,retail,Phú Quý Hà Nội Phú Quý 1 Lượng 999.9,139500000,142500000,VND,luong,ok,2026-10-08T07:58:43+07:00,2026-10-08T07:55:03+07:00
2026-10-06T14:32:58+07:00,giavang.org,gold,retail,Phú Quý Hà Nội Vàng 999.0 phi SJC,132500000,,VND,luong,partial,2026-10-08T07:58:43+07:00,2026-10-08T07:55:03+07:00
2026-10-06T14:32:58+07:00,giavang.org,gold,retail,Phú Quý Hà Nội Vàng 999.9 phi SJC,133000000,,VND,luong,partial,2026-10-08T07:58:43+07:00,2026-10-08T07:55:03+07:00
2026-10-07T13:30:09+07:00,giavang.org,gold,retail,Phú Quý Hà Nội Vàng miếng SJC,139500000,143000000,VND,luong,ok,2026-10-08T07:58:43+07:00,2026-10-08T07:55:03+07:00
2026-10-08T07:58:43+07:00,gold-api.com,gold,spot,XAU,4120.7,4120.7,USD,troy_oz,ok,2026-10-08T07:58:43+07:00,2026-10-08T07:58:54+07:00
2026-10-08T07:58:43+07:00,gold-api.com,silver,spot,XAG,60.22,60.22,USD,troy_oz,ok,2026-10-08T07:58:43+07:00,2026-10-08T07:58:53+07:00
2026-10-07T13:30:09+07:00,sbv.gov.vn,fx,central,USD,25638,25638,VND,1 USD,ok,2026-10-08T07:58:43+07:00,2026-10-07T00:00:00+07:00
2026-10-07T20:57:26+07:00,vietcap.com.vn,stock,foreign,PNJ NN GT mua/bán,161693455000,560872642000,VND,VND,ok,2026-10-08T07:25:35+07:00,2026-10-07T15:33:17+07:00
2026-10-08T07:58:43+07:00,vietcap.com.vn,stock,foreign,PNJ NN KL mua/bán,0,0,,cp,ok,2026-10-08T07:58:43+07:00,2026-10-08T07:30:11+07:00
2026-10-07T20:57:26+07:00,vietcap.com.vn,stock,session,PNJ KL khớp lệnh,51811600,51811600,,cp,ok,2026-10-08T07:58:43+07:00,2026-10-07T07:00:00+07:00
2026-10-07T13:30:09+07:00,vietcap.com.vn,stock,session,PNJ cao nhất,20300,20300,VND,1 cp,ok,2026-10-08T07:58:43+07:00,2026-10-07T07:00:00+07:00
2026-10-07T13:30:09+07:00,vietcap.com.vn,stock,session,PNJ mở cửa,20000,20000,VND,1 cp,ok,2026-10-08T07:58:43+07:00,2026-10-07T07:00:00+07:00
2026-10-07T13:30:09+07:00,vietcap.com.vn,stock,session,PNJ thấp nhất,18750,18750,VND,1 cp,ok,2026-10-08T07:58:43+07:00,2026-10-07T07:00:00+07:00
2026-10-07T20:57:26+07:00,vietcap.com.vn,stock,session,PNJ đóng cửa,18900,18900,VND,1 cp,ok,2026-10-08T07:58:43+07:00,2026-10-07T07:00:00+07:00
2026-10-08T07:58:43+07:00,vietcap.com.vn,stock,session_date,PNJ NN ngày phiên,20261008,20261008,,yyyymmdd,ok,2026-10-08T07:58:43+07:00,2026-10-08T07:30:11+07:00
2026-10-07T13:30:09+07:00,vietcap.com.vn,stock,session_date,PNJ ngày phiên,20261007,20261007,,yyyymmdd,ok,2026-10-08T07:58:43+07:00,2026-10-07T07:00:00+07:00
2026-10-07T14:12:43+07:00,vnappmob.com,gold,retail,SJC 1 chỉ,140000000,143030000,VND,luong,ok,2026-10-08T07:58:43+07:00,2026-10-07T14:00:07+07:00
2026-10-07T14:12:43+07:00,vnappmob.com,gold,retail,"SJC 1L, 10L, 1KG",140000000,143000000,VND,luong,ok,2026-10-08T07:58:43+07:00,2026-10-07T14:00:07+07:00
2026-10-07T14:12:43+07:00,vnappmob.com,gold,retail,SJC 5 chỉ,140000000,143020000,VND,luong,ok,2026-10-08T07:58:43+07:00,2026-10-07T14:00:07+07:00
2026-10-07T14:12:43+07:00,vnappmob.com,gold,retail,"SJC nhẫn 99,99% 1-5 chỉ",139500000,142500000,VND,luong,ok,2026-10-08T07:58:43+07:00,2026-10-07T14:00:07+07:00
2026-10-07T14:12:43+07:00,vnappmob.com,gold,retail,SJC nữ trang 75%,96485614,106285614,VND,luong,ok,2026-10-08T07:58:43+07:00,2026-10-07T14:00:07+07:00
2026-10-07T14:12:43+07:00,vnappmob.com,gold,retail,SJC nữ trang 99%,133099010,140099010,VND,luong,ok,2026-10-08T07:58:43+07:00,2026-10-07T14:00:07+07:00
2026-10-07T14:12:43+07:00,vnappmob.com,gold,retail,"SJC nữ trang 99,99%",137000000,141500000,VND,luong,ok,2026-10-08T07:58:43+07:00,2026-10-07T14:00:07+07:00
