timestamp,source,category,price_type,item,buy,sell,currency,unit,status,last_checked
2026-10-03T14:25:02+07:00,Vietcombank,fx,cash,USD,25760,26170,VND,1 USD,ok,2026-10-03T14:35:33+07:00
2026-10-03T14:25:02+07:00,Vietcombank,fx,transfer,USD,25790,26170,VND,1 USD,ok,2026-10-03T14:35:33+07:00
2026-10-03T14:25:02+07:00,Vietcombank,fx,cash,EUR,28474.19,29975.92,VND,1 EUR,ok,2026-10-03T14:35:33+07:00
2026-10-03T14:25:02+07:00,Vietcombank,fx,transfer,EUR,28761.81,29975.92,VND,1 EUR,ok,2026-10-03T14:35:33+07:00
2026-10-03T14:25:02+07:00,Vietcombank,fx,cash,GBP,33428.32,34848,VND,1 GBP,ok,2026-10-03T14:35:33+07:00
2026-10-03T14:25:02+07:00,Vietcombank,fx,transfer,GBP,33765.98,34848,VND,1 GBP,ok,2026-10-03T14:35:33+07:00
2026-10-03T14:25:02+07:00,Vietcombank,fx,cash,JPY,159.04,170.01,VND,1 JPY,ok,2026-10-03T14:35:33+07:00
2026-10-03T14:25:02+07:00,Vietcombank,fx,transfer,JPY,160.64,170.01,VND,1 JPY,ok,2026-10-03T14:35:33+07:00
2026-10-03T14:25:02+07:00,Vietcombank,fx,cash,AUD,17560.94,18306.74,VND,1 AUD,ok,2026-10-03T14:35:33+07:00
2026-10-03T14:25:02+07:00,Vietcombank,fx,transfer,AUD,17738.33,18306.74,VND,1 AUD,ok,2026-10-03T14:35:33+07:00
2026-10-03T14:25:02+07:00,Vietcombank,fx,cash,SGD,19771.51,20652.47,VND,1 SGD,ok,2026-10-03T14:35:33+07:00
2026-10-03T14:25:02+07:00,Vietcombank,fx,transfer,SGD,19971.22,20652.47,VND,1 SGD,ok,2026-10-03T14:35:33+07:00
2026-10-03T14:25:02+07:00,Vietcombank,fx,cash,THB,682.94,791.01,VND,1 THB,ok,2026-10-03T14:35:33+07:00
2026-10-03T14:25:02+07:00,Vietcombank,fx,transfer,THB,758.82,791.01,VND,1 THB,ok,2026-10-03T14:35:33+07:00
2026-10-03T14:25:02+07:00,Vietcombank,fx,cash,CAD,17788.81,18544.29,VND,1 CAD,ok,2026-10-03T14:35:33+07:00
2026-10-03T14:25:02+07:00,Vietcombank,fx,transfer,CAD,17968.49,18544.29,VND,1 CAD,ok,2026-10-03T14:35:33+07:00
2026-10-03T14:25:02+07:00,Vietcombank,fx,cash,CHF,30569.35,31867.61,VND,1 CHF,ok,2026-10-03T14:35:33+07:00
2026-10-03T14:25:02+07:00,Vietcombank,fx,transfer,CHF,30878.13,31867.61,VND,1 CHF,ok,2026-10-03T14:35:33+07:00
2026-10-03T14:25:02+07:00,Vietcombank,fx,cash,HKD,3217.48,3374.32,VND,1 HKD,ok,2026-10-03T14:35:33+07:00
2026-10-03T14:25:02+07:00,Vietcombank,fx,transfer,HKD,3249.98,3374.32,VND,1 HKD,ok,2026-10-03T14:35:33+07:00
2026-10-03T14:25:02+07:00,Vietcombank,fx,cash,CNY,3776.66,3937.05,VND,1 CNY,ok,2026-10-03T14:35:33+07:00
2026-10-03T14:25:02+07:00,Vietcombank,fx,transfer,CNY,3814.8,3937.05,VND,1 CNY,ok,2026-10-03T14:35:33+07:00
2026-10-03T14:25:02+07:00,Vietcombank,fx,cash,DKK,,3984.38,VND,1 DKK,partial,2026-10-03T14:35:33+07:00
2026-10-03T14:25:02+07:00,Vietcombank,fx,transfer,DKK,3837.56,3984.38,VND,1 DKK,ok,2026-10-03T14:35:33+07:00
2026-10-03T14:25:02+07:00,Vietcombank,fx,cash,INR,,279.75,VND,1 INR,partial,2026-10-03T14:35:33+07:00
2026-10-03T14:25:02+07:00,Vietcombank,fx,transfer,INR,268.21,279.75,VND,1 INR,ok,2026-10-03T14:35:33+07:00
2026-10-03T14:25:02+07:00,Vietcombank,fx,cash,KRW,16.67,20.09,VND,1 KRW,ok,2026-10-03T14:35:33+07:00
2026-10-03T14:25:02+07:00,Vietcombank,fx,transfer,KRW,18.52,20.09,VND,1 KRW,ok,2026-10-03T14:35:33+07:00
2026-10-03T14:25:02+07:00,Vietcombank,fx,cash,KWD,,87961.46,VND,1 KWD,partial,2026-10-03T14:35:33+07:00
2026-10-03T14:25:02+07:00,Vietcombank,fx,transfer,KWD,83893.62,87961.46,VND,1 KWD,ok,2026-10-03T14:35:33+07:00
2026-10-03T14:25:02+07:00,Vietcombank,fx,cash,MYR,,6436.92,VND,1 MYR,partial,2026-10-03T14:35:33+07:00
2026-10-03T14:25:02+07:00,Vietcombank,fx,transfer,MYR,6299.75,6436.92,VND,1 MYR,ok,2026-10-03T14:35:33+07:00
2026-10-03T14:25:02+07:00,Vietcombank,fx,cash,NOK,,2752.54,VND,1 NOK,partial,2026-10-03T14:35:33+07:00
2026-10-03T14:25:02+07:00,Vietcombank,fx,transfer,NOK,2640.53,2752.54,VND,1 NOK,ok,2026-10-03T14:35:33+07:00
2026-10-03T14:25:02+07:00,Vietcombank,fx,cash,RUB,,326.98,VND,1 RUB,partial,2026-10-03T14:35:33+07:00
2026-10-03T14:25:02+07:00,Vietcombank,fx,transfer,RUB,295.39,326.98,VND,1 RUB,ok,2026-10-03T14:35:33+07:00
2026-10-03T14:25:02+07:00,Vietcombank,fx,cash,SAR,,7176.19,VND,1 SAR,partial,2026-10-03T14:35:33+07:00
2026-10-03T14:25:02+07:00,Vietcombank,fx,transfer,SAR,6879.97,7176.19,VND,1 SAR,ok,2026-10-03T14:35:33+07:00
2026-10-03T14:25:02+07:00,Vietcombank,fx,cash,SEK,,2641.94,VND,1 SEK,partial,2026-10-03T14:35:33+07:00
2026-10-03T14:25:02+07:00,Vietcombank,fx,transfer,SEK,2534.43,2641.94,VND,1 SEK,ok,2026-10-03T14:35:33+07:00
2026-10-03T14:35:33+07:00,gold-api.com,gold,spot,XAU,4141.8,4141.8,USD,troy_oz,ok,2026-10-03T14:35:33+07:00
2026-10-03T14:35:33+07:00,gold-api.com,silver,spot,XAG,60.52,60.52,USD,troy_oz,ok,2026-10-03T14:35:33+07:00
